<?xml version="1.0" encoding="UTF-8"?>
<!DOCTYPE suite SYSTEM "https://testng.org/testng-1.0.dtd">
<suite name="Suite" parallel="tests" thread-count="5" >
  <test name="EdgeTest">
  <parameter name="browser" value="edge"></parameter>
    <classes>
      <class name="com.test.PetStoreTest"/>
    </classes>
  </test>  
  <test name="ChromeTest">
  <parameter name="browser" value="chrome"></parameter>
    <classes>
      <class name="com.test.PetStoreTest"/>
    </classes>
  </test>
 

   
</suite> 
